{
    "centrescore": [
        {
            "channel": "3",
            "layer": "25",
            "parameters": {
                "Infobar_info_text": "",
                "score": "",
                "show_infobar": "",
                "team_left": "",
                "team_right": ""
            }
        }
    ],
    "rundown": {
        "items": {
            "108": {
                "channel": "3",
                "filename": "BigMatch/TBM_StrapLeft/TBM_StrapLeft",
                "layer": "30",
                "name": "3",
                "parameters": "StrapLower=|StrapUpper=3",
                "template": "strapleft",
                "type": "graphic"
            },
            "109": {
                "channel": "3",
                "filename": "BigMatch/TBM_StrapLeft/TBM_StrapLeft",
                "layer": "30",
                "name": "1",
                "parameters": "StrapLower=|StrapUpper=1",
                "template": "strapleft",
                "type": "graphic"
            },
            "110": {
                "channel": "3",
                "filename": "BigMatch/TBM_StrapLeft/TBM_StrapLeft",
                "layer": "30",
                "name": "2",
                "parameters": "StrapLower=|StrapUpper=2",
                "template": "strapleft",
                "type": "graphic"
            },
            "113": {
                "channel": 1,
                "date_modified": "20160911230221",
                "file_size": "16694084",
                "filename": "GO1080P25",
                "frame_rate": 25.0,
                "frames": 445.0,
                "layer": 0,
                "length": "00:00:17:20",
                "name": "GO1080P25",
                "template": "MOVIE",
                "type": "vt"
            }
        },
        "positions": {
            "0": "108",
            "1": "109",
            "2": "110",
            "3": "113"
        }
    },
    "standingstable": [
        {
            "channel": "3",
            "data": {
                "table_header_points_title": "Points",
                "table_header_stat_1_title": "",
                "table_header_stat_2_tiz tle": "",
                "table_header_stat_3_title": "",
                "table_header_stat_4_title": "",
                "table_header_stat_5_title": "",
                "table_header_subtitle": "Overall Standings",
                "table_row_10_points": "1523",
                "table_row_10_position": "10",
                "table_row_10_stat_1": "",
                "table_row_10_stat_2": "",
                "table_row_10_stat_3": "",
                "table_row_10_stat_4": "",
                "table_row_10_stat_5": "",
                "table_row_10_team_name": "University of Stirling",
                "table_row_1_points": "3130.5",
                "table_row_1_position": "1",
                "table_row_1_stat_1": "",
                "table_row_1_stat_2": "",
                "table_row_1_stat_3": "",
                "table_row_1_stat_4": "",
                "table_row_1_stat_5": "",
                "table_row_1_team_name": "Loughborough University",
                "table_row_2_points": "2825",
                "table_row_2_position": "2",
                "table_row_2_stat_1": "",
                "table_row_2_stat_2": "",
                "table_row_2_stat_3": "",
                "table_row_2_stat_4": "",
                "table_row_2_stat_5": "",
                "table_row_2_team_name": "Durham University",
                "table_row_3_points": "2683",
                "table_row_3_position": "3",
                "table_row_3_stat_1": "",
                "table_row_3_stat_2": "",
                "table_row_3_stat_3": "",
                "table_row_3_stat_4": "",
                "table_row_3_stat_5": "",
                "table_row_3_team_name": "University of Nottingham",
                "table_row_4_points": "2445",
                "table_row_4_position": "4",
                "table_row_4_stat_1": "",
                "table_row_4_stat_2": "",
                "table_row_4_stat_3": "",
                "table_row_4_stat_4": "",
                "table_row_4_stat_5": "",
                "table_row_4_team_name": "University of Edinburgh",
                "table_row_5_points": "2261",
                "table_row_5_position": "5",
                "table_row_5_stat_1": "",
                "table_row_5_stat_2": "",
                "table_row_5_stat_3": "",
                "table_row_5_stat_4": "",
                "table_row_5_stat_5": "",
                "table_row_5_team_name": "University of Exeter",
                "table_row_6_points": "1987.5",
                "table_row_6_position": "6",
                "table_row_6_stat_1": "",
                "table_row_6_stat_2": "",
                "table_row_6_stat_3": "",
                "table_row_6_stat_4": "",
                "table_row_6_stat_5": "",
                "table_row_6_team_name": "University of Bath",
                "table_row_7_points": "1885.33",
                "table_row_7_position": "7",
                "table_row_7_stat_1": "",
                "table_row_7_stat_2": "",
                "table_row_7_stat_3": "",
                "table_row_7_stat_4": "",
                "table_row_7_stat_5": "",
                "table_row_7_team_name": "University of Birmingham",
                "table_row_8_points": "1788",
                "table_row_8_position": "8",
                "table_row_8_stat_1": "",
                "table_row_8_stat_2": "",
                "table_row_8_stat_3": "",
                "table_row_8_stat_4": "",
                "table_row_8_stat_5": "",
                "table_row_8_team_name": "University of Bristol",
                "table_row_9_points": "1741.5",
                "table_row_9_position": "9",
                "table_row_9_stat_1": "",
                "table_row_9_stat_2": "",
                "table_row_9_stat_3": "",
                "table_row_9_stat_4": "",
                "table_row_9_stat_5": "",
                "table_row_9_team_name": "Northumbria University",
                "title": "BUCS 2016-17 Championship"
            },
            "filename": "BigMatch/TBM_PointsTable_10Row/TBM_PointsTable_10Row",
            "gender": "Choose gender...",
            "layer": "1",
            "league": "BUCS",
            "rows": "10",
            "sport": "Overall",
            "team": "Choose team...",
            "url": "http://bigmatch.jcrnet.uk/tabletojson/bucs_table.json"
        }
    ],
    "strapleft": [
        {
            "channel": "3",
            "layer": "30",
            "parameters": {
                "StrapLower": "",
                "StrapUpper": "4"
            }
        }
    ],
    "topscore": [
        {
            "channel": "3",
            "layer": "25",
            "parameters": {
                "team1_colour": "",
                "team2_colour": "",
                "topleft_score": "",
                "topleft_team1": "",
                "topleft_team2": ""
            }
        }
    ],
    "videos": {
        "1": {
            "date_modified": "20130619224440",
            "file_size": "5119595",
            "frame_rate": 1.0,
            "frames": 215.0,
            "length": "00:03:35:00",
            "name": "01-KELLY_CLARKSON-MISS_INDEPENDENT",
            "type": "AUDIO"
        },
        "2": {
            "date_modified": "20160911230218",
            "file_size": "6445960",
            "frame_rate": 25.0,
            "frames": 268.0,
            "length": "00:00:10:18",
            "name": "AMB",
            "type": "MOVIE"
        },
        "3": {
            "date_modified": "20160911230218",
            "file_size": "6159792",
            "frame_rate": 25.0,
            "frames": 264.0,
            "length": "00:00:10:14",
            "name": "CG1080I50",
            "type": "MOVIE"
        },
        "4": {
            "date_modified": "20160911230220",
            "file_size": "10298115",
            "frame_rate": 25.0,
            "frames": 260.0,
            "length": "00:00:10:10",
            "name": "CG1080I50_A",
            "type": "MOVIE"
        },
        "5": {
            "date_modified": "20160911230221",
            "file_size": "16694084",
            "frame_rate": 25.0,
            "frames": 445.0,
            "length": "00:00:17:20",
            "name": "GO1080P 25",
            "type": "MOVIE"
        },
        "6": {
            "date_modified": "20160911230221",
            "file_size": "16694084",
            "frame_rate": 25.0,
            "frames": 445.0,
            "length": "00:00:17:20",
            "name": "GO1080P25",
            "type": "MOVIE"
        },
        "7": {
            "date_modified": "20160911230222",
            "file_size": "6220854",
            "frame_rate": 1,
            "frames": 1,
            "length": " ",
            "name": "SPLIT",
            "type": "STILL"
        },
        "8": {
            "date_modified": "20160911230222",
            "file_size": "1268784",
            "frame_rate": 25.0,
            "frames": 31.0,
            "length": "00:00:01:06",
            "name": "WIPE",
            "type": "MOVIE"
        }
    }
}